tweet_id,created_at,customer_text,response_text,weak_suggestion,human_intent,human_auto_handle,human_reply_score,human_notes
2732930,Mon Nov 20 15:47:31 +0000 2017,@AppleSupport Hi could you please advise is it best to set up a phone as new or restore from back up,"@123004 That’s a great question, and we'll be happy to offer some guidance. Are you in the process of troubleshooting an issue, or did you just get a new phone?",order_purchase,technical_howto,no,4,Relevant response with useful troubleshooting or targeted clarification; further interaction may be needed. Intent corrected from weak suggestion to technical_howto based on the customer request.
905830,Tue Oct 10 07:48:47 +0000 2017,@133462 @AppleSupport @335047 I was given a replacement guarantee for 10 days so why should I go to Apple Service centre for this? https://t.co/mjTz1Bpfvn,@335046 We'd like to look into this to see how we can help. Please connect with us in DM to get started: https://t.co/GDrqU22YpT,app_service_issue,app_service_issue,no,3,"Appropriate support escalation, but the response is mostly generic and requires DM/follow-up. Intent corrected from weak suggestion to app_service_issue based on the customer request."
884993,Fri Oct 20 21:12:31 +0000 2017,"@AppleSupport buenas. Me he encontrado un iPhone 6 con el modo pérdida, cómo puedo saber de quién es? Gracias",@330147 We offer support via Twitter in English. Get help in Spanish here: https://t.co/IBIY3vMgPj or join https://t.co/OczyRx7IOs,device_issue,device_issue,no,2,Response is too generic or does not provide enough information to resolve the stated issue. Intent corrected from weak suggestion to device_issue based on the customer request.
1026261,Sat Oct 14 16:27:42 +0000 2017,@AppleSupport  https://t.co/Z0eZ0H6g9E,"@362826 No worries. It seems one-handed typing was turned on. To adjust this, check out: https://t.co/tWyRHFS2AX",other,other,no,2,Response is too generic or does not provide enough information to resolve the stated issue.
2072017,Sat Nov 25 12:34:18 +0000 2017,@612822 @612823 @45777 @AppleSupport Io anche stesso problema con 3,@612821 We offer support via Twitter in English. Contact us for help in your preferred language here: https://t.co/0PATYGSGKU,other,other,no,2,Response is too generic or does not provide enough information to resolve the stated issue.
639375,Thu Oct 05 00:24:16 +0000 2017,@AppleSupport DM,"@271669 We've received your DM, and will continue the conversation with you there.",other,other,no,3,"Appropriate support escalation, but the response is mostly generic and requires DM/follow-up."
1146001,Tue Oct 24 12:00:00 +0000 2017,@115858 @AppleSupport Recently on my iPhone 7 whenever I take a screenshot it turns out as a blank white screen. How do I resolve this issue?,@389729 We want to help.  Send us a DM letting us know which version of iOS is on this device. https://t.co/GDrqU22YpT,device_issue,device_issue,no,3,"Appropriate support escalation, but the response is mostly generic and requires DM/follow-up."
1852173,Wed Oct 18 05:00:54 +0000 2017,@554326 @AppleSupport @115858 I have a sony speaker as well that’s doing this on iOS 11 I never had this before on iOS 10,@554325 We know how much we love to use our Bluetooth feature. Let's work together. Can you tell us which devices you're using?,other,other,no,4,Relevant response with useful troubleshooting or targeted clarification; further interaction may be needed.
2690839,Sun Nov 19 14:44:09 +0000 2017,This new apple update seriously SUCKS. My phone is lagging and freezing and I cannot install new apps. Get it together Apple. @AppleSupport,@756464 We want you to have a good experience with the update. Which update is currently on your iPhone? You can find out by following the steps here: https://t.co/ZTw54HL4Rm,status_followup,status_followup,no,4,Relevant response with useful troubleshooting or targeted clarification; further interaction may be needed.
999018,Sat Nov 04 18:04:43 +0000 2017,@AppleSupport It's iPhone 6 and I think it's 10.0.01,@356549 Got it. What happens when you connect to a Wi-Fi network and attempt the update? https://t.co/ahjigcvFRG,device_issue,device_issue,no,4,Relevant response with useful troubleshooting or targeted clarification; further interaction may be needed.
2619779,Fri Nov 17 11:29:57 +0000 2017,I wish @115858 would do something to fix the notification mess on iPhone. It’s really terrible.,@664371 We would like to assist with your iPhone.  What type of notification issue are you having?  Which iOS version are you running?  You can check under Settings &gt; General &gt; About.,device_issue,device_issue,no,4,Relevant response with useful troubleshooting or targeted clarification; further interaction may be needed.
2630201,Fri Nov 17 22:18:12 +0000 2017,@AppleSupport It’s happened quite a lot since I updated. I rest my phone &amp; is fine until I open a app then it goes away,"@742764 OK. Can you tell us the iOS your iPhone is running in Settings &gt; General &gt; About? When you say you restarted, do you mean with the “Slide to Power off” option after holding the Sleep/Wake button?",status_followup,status_followup,no,4,Relevant response with useful troubleshooting or targeted clarification; further interaction may be needed.
2422611,Tue Nov 14 17:40:10 +0000 2017,@AppleSupport @115858 What's wrong with this picture? I was just emailed this. https://t.co/9u2RaOApzt,"@657858 We're happy to discuss this with you. To start, DM us with the country of your residence. https://t.co/GDrqU22YpT",other,other,no,4,Relevant response with useful troubleshooting or targeted clarification; further interaction may be needed.
2787826,Tue Nov 21 19:10:37 +0000 2017,@AppleSupport @115858 The battery is non existent and the iOS hasn’t stopped sucking since you released iOS 11,@778261 We'd like to assist you with this. Please join us in DM here and provide us with the software version that is currently running on your phone: https://t.co/GDrqU22YpT,device_issue,device_issue,no,3,"Appropriate support escalation, but the response is mostly generic and requires DM/follow-up."
2562296,Thu Nov 16 17:13:09 +0000 2017,@115858 need to hurry up and bring out an update that will stop my phone from feeezing every two minutes. It’s really starting to piss me off now. The phone has its own mind mothers.,@727151 We want to help. What model iPhone do you have and what iOS is it on? Does it become completely unresponsive or just very slow? Does it happen with any app or just certain ones? Let us know and we'll continue to work with you on this.,status_followup,status_followup,no,4,Relevant response with useful troubleshooting or targeted clarification; further interaction may be needed.
1968271,Tue Oct 31 14:24:01 +0000 2017,@116333 still waiting on the call or help from you about the issue of my property missing,@583202 Let us know if you'd like us to arrange a call for you by sending us a DM. We're happy to continue there. https://t.co/GDrqU22YpT,status_followup,status_followup,no,3,"Appropriate support escalation, but the response is mostly generic and requires DM/follow-up."
1148404,Sun Oct 15 16:42:51 +0000 2017,My phone tripping white lines just came across my screen @AppleSupport 🤷🏾‍♀️🤦🏾‍♀️😩,@390256 We're here to help. Do the lines appear to be permanent? Or do they go away after restarting?,device_issue,device_issue,no,3,"Appropriate support escalation, but the response is mostly generic and requires DM/follow-up."
427853,Tue Oct 10 13:32:25 +0000 2017,"@AppleSupport Good day, it’s ok, I think it fixed itself this morning. Thank you:)",@216747 We're glad to hear it. Don't hesitate to reach back out if you have questions in the future. We're here for you.,other,other,no,2,Response is too generic or does not provide enough information to resolve the stated issue.
947830,Sat Oct 21 16:52:53 +0000 2017,"I’m having LOTS of trouble with my iPhone 5S and iOs 11. It turns off every hour, and it’s so slow every time I do anything. @AppleSupport","@344778 We want to look into this with you. If you go to Settings &gt; General &gt; About &gt; Version, which iOS 11 version are you using?",device_issue,device_issue,no,4,Relevant response with useful troubleshooting or targeted clarification; further interaction may be needed.
2943325,Wed Nov 29 08:32:50 +0000 2017,"@813134 @813135 @809705 @809706 @AppleSupport I’m with Telstra. Having the issue with text message forwarding to all my devices, however, iMessage works on my iPhone X.",@813133 Hi. We understand it's important to have access to your text messages on all of your devices. Let us help. DM us and we can take a closer look at this. https://t.co/GDrqU22YpT,device_issue,device_issue,no,3,"Appropriate support escalation, but the response is mostly generic and requires DM/follow-up."
2120275,Wed Nov 08 16:21:15 +0000 2017,@AppleSupport Yet another day of being sent registration code after registration code and still no joy.,@510099 Reaching out to our support from the link we provided previously is going to be the next best steps.,other,other,no,2,Response is too generic or does not provide enough information to resolve the stated issue.
1590551,Sat Nov 04 20:15:16 +0000 2017,@AppleSupport I got a new phone earlier today and I  restored it from my iTunes 2 hours ago and still no apps have downloaded??,@389228 We are here to help. DM us your iOS version and we can take a look at this for you. https://t.co/GDrqU22YpT,app_service_issue,app_service_issue,no,4,Relevant response with useful troubleshooting or targeted clarification; further interaction may be needed.
1617823,Sun Nov 05 05:04:33 +0000 2017,"Hey @115858 &amp; @AppleSupport, why is my phone changing my capital I️’s into question marks???",@496050 We are aware of this issue and are working hard to find a resolution. We do have a workaround: https://t.co/xXaXeeSRt9,other,other,yes,5,Response directly addresses the stated issue with an actionable answer or appropriate resource.
53553,Wed Nov 01 18:28:47 +0000 2017,@AppleSupport I did. It took multiple attempts to finally get it to the restore/reset option. I wiped it Bc my last backup had the passcode on already.Thx,@128101 You're welcome. Let us know if we can help in the future.,order_purchase,device_issue,no,2,Response is too generic or does not provide enough information to resolve the stated issue. Intent corrected from weak suggestion to device_issue based on the customer request.
1889362,Sun Oct 22 08:41:49 +0000 2017,Just wanted to reiterate this @AppleSupport - new podcast app is terrible-the constant crashes-battery going from 80 to 0% for no reason 😔 https://t.co/qNJudEVRL6,@563444 We'd like to work together and get things resolved. Please send us a DM with the iOS version from Settings &gt; General &gt; About. https://t.co/GDrqU22YpT,device_issue,device_issue,no,4,Relevant response with useful troubleshooting or targeted clarification; further interaction may be needed.
1906030,Wed Oct 25 09:46:53 +0000 2017,"@AppleSupport yo iOS 11 is sooooo buggy and it’s making my phone crash every 20 minutes, rendering it useless amongst other issues 👎🏼👎🏼",@567954 Thanks for reaching out! That’s not the experience we want you to have. Let us know all the issues in DM so we can help. https://t.co/GDrqU22YpT,device_issue,device_issue,no,3,"Appropriate support escalation, but the response is mostly generic and requires DM/follow-up."
1170839,Sun Oct 15 13:32:12 +0000 2017,"@AppleSupport why following the initial recent update does the WiFi keep turning itself on, even after expressly turning it off #iphone6s",@395371 We can help. Are you turning off Wi-Fi in the Control Center?,device_issue,device_issue,no,4,Relevant response with useful troubleshooting or targeted clarification; further interaction may be needed.
81988,Thu Nov 30 04:52:02 +0000 2017,Okay but why has my iPhone 6 battery been dying 500x faster since installing IOS11?? 🙃 @AppleSupport,@134140 Thanks for reaching out to us. We are always happy to help. Send us a DM so we can look into your battery issue with you. https://t.co/GDrqU22YpT,device_issue,device_issue,no,3,"Appropriate support escalation, but the response is mostly generic and requires DM/follow-up."
82011,Thu Nov 30 04:32:30 +0000 2017,@AppleSupport imma need y’all to fix this “I.T” thing . cause i’m about tired . keyboard shortcut trick doesn’t work 🤷🏽‍♀️,@134149 That is certainly not the experience we want you to have. Which iOS version is your device running? https://t.co/GDrqU22YpT,other,other,no,4,Relevant response with useful troubleshooting or targeted clarification; further interaction may be needed.
2447573,Wed Nov 15 01:42:44 +0000 2017,"@AppleSupport i’m currently on 11.1.1, any other suggestions https://t.co/dpWcId3Voz","@701604 To clarify, are you still seeing the auto-correct issue when typing from your iPhone after updating to iOS 11.1.1, or are you only seeing it in someone else’s response?",other,other,no,4,Relevant response with useful troubleshooting or targeted clarification; further interaction may be needed.
1355453,Fri Oct 27 17:00:13 +0000 2017,@AppleSupport is the maps app not working or am I just that lucky?,@436063 We're here for you. Can you provide us some detail about what's going on with Maps?,app_service_issue,app_service_issue,no,4,Relevant response with useful troubleshooting or targeted clarification; further interaction may be needed.
1867558,Fri Oct 20 20:23:07 +0000 2017,@AppleSupport Why does this always happen? This is my second cord this month. I don’t have money to keep replacing them :/ https://t.co/MpG7aXdQLP,@302867 We know how important it is to be able to keep your devices powered up. Send us a DM and we'll be happy to look at options. https://t.co/GDrqU22YpT,billing_payment,device_issue,no,3,"Appropriate support escalation, but the response is mostly generic and requires DM/follow-up. Intent corrected from weak suggestion to device_issue based on the customer request."
859754,Fri Oct 13 11:01:50 +0000 2017,"@AppleSupport please let us roll back to ios10. iOS 11 is NOTHING but a headache. Music won’t play, phone restarts/crashes/freezes",@139270 We are here to help. DM us your exact iOS version and we can take a look. https://t.co/GDrqU22YpT,device_issue,device_issue,no,4,Relevant response with useful troubleshooting or targeted clarification; further interaction may be needed.
2057541,Fri Oct 06 21:51:38 +0000 2017,Congrats to @116333 and all the people at Apple for destroying my battery life with iOS 11,@608531 We'd be happy to see how we can help with your battery. Send us a DM with details and we'll go from there. https://t.co/GDrqU22YpT,device_issue,device_issue,no,3,"Appropriate support escalation, but the response is mostly generic and requires DM/follow-up."
2616665,Fri Nov 17 06:21:58 +0000 2017,@115858 you need to fix this “A” shit when I️ put mf “I️”,@739579 Let's backup your device then update to the newest version. There is a fix for this.,other,other,no,2,Response is too generic or does not provide enough information to resolve the stated issue.
2594408,Fri Nov 17 02:22:26 +0000 2017,@115858 @AppleSupport sooo are we ever gonna do anything about this I️,"@734662 We've released an update that includes a fix for autocorrect issues. Be sure to back up your device prior to updating, and let us know if the issue persists afterwards.",other,other,no,2,Response is too generic or does not provide enough information to resolve the stated issue.
633848,Wed Nov 22 16:21:35 +0000 2017,@115858 I'm so mad holy fuck attendance COUNTS in my classes this morning.,@270244 Hi there. Let's find out together why your alarms didn't wake you. Please send us a DM with a few details and we'll get started. Tap here to continue: https://t.co/GDrqU22YpT,other,other,no,3,"Appropriate support escalation, but the response is mostly generic and requires DM/follow-up."
862755,Fri Oct 13 17:37:50 +0000 2017,@AppleSupport Automatically*,@324862 We would be glad to help. Are you turning both on using the Control Center?,other,other,no,4,Relevant response with useful troubleshooting or targeted clarification; further interaction may be needed.
1173958,Tue Oct 24 19:55:39 +0000 2017,"Dear @115858 ,

No one ever says “what the duck” or “he’ll yeah” can someone please fix this? 

#whattheduckingduck",@396124 We'd like to help! Go ahead and reach out to us in DM and we'll continue there. https://t.co/GDrqU2kzhr,other,other,no,3,"Appropriate support escalation, but the response is mostly generic and requires DM/follow-up."
1080468,Mon Oct 23 21:01:40 +0000 2017,@AppleSupport Tried restarting same issue. Both types of messages.,"@374881 Do the messages contain photos, just text or both?",device_issue,device_issue,no,2,Response is too generic or does not provide enough information to resolve the stated issue.
695288,Thu Nov 23 12:29:31 +0000 2017,"I’ve had this iPhone 6s Plus for a couple of years now, it’s been working fine but recently after a few updates it’s become extremely slow and buggy, my phone’s not even half full, I don’t think this is a coincidence @AppleSupport frauds","@285824 We certainly want your iPhone to work as expected after an update, and we'd be happy to help. Please send us a DM with your current iOS version, and we'll get started. You can check by navigating to Settings &gt; General &gt; About: https://t.co/ZTw54HL4Rm",device_issue,device_issue,no,4,Relevant response with useful troubleshooting or targeted clarification; further interaction may be needed.
660493,Wed Nov 22 23:52:51 +0000 2017,@AppleSupport how do I recover a deleted number,@277332 Thanks for reaching out. Please DM us which device is having the issue. We'll start there. https://t.co/GDrqU22YpT,technical_howto,technical_howto,no,4,Relevant response with useful troubleshooting or targeted clarification; further interaction may be needed. Intent corrected from weak suggestion to technical_howto based on the customer request.
321755,Sat Oct 07 04:07:01 +0000 2017,I really hate it when you plug your iPhone into a legit cable and it tells you the accessory is unsupported. @115858,@192647 We'd like help. Let’s try any steps you haven’t tried here (at bottom): https://t.co/uqxquyfdn0 Let us know the outcome.,device_issue,device_issue,no,2,Response is too generic or does not provide enough information to resolve the stated issue.
594624,Sun Dec 03 17:48:39 +0000 2017,"Since iOS 11.2, my iPhone 7 has become way faster than before (perhaps even better than iOS 10). That’s great, but now it is warming a lot and I am still disappointed by the battery life (Location Services off (even the system ones) and background app refresh off). @AppleSupport","@260877 We're happy to hear that it seems to have resolved the speed issues, and we're glad you're here so we can look into what's going on with your iPhone's battery. Since support options vary by location, DM us which country you're in and we'll get started. https://t.co/GDrqU22YpT",device_issue,device_issue,no,4,Relevant response with useful troubleshooting or targeted clarification; further interaction may be needed.
1341771,Fri Oct 27 16:02:56 +0000 2017,@AppleSupport I pressed the home button/Touch ID trying to exit the app.,@432963 Great! We're glad to here that worked for you. Feel free to reach out to us again if you need us.,other,other,yes,5,Response directly addresses the stated issue with an actionable answer or appropriate resource.
773523,Thu Oct 12 03:49:07 +0000 2017,"@AppleSupport I already did the steps that indicates the link and still Magic Mouse doesn’t work correctly, since upgrading to High Sierra this happens 😩",@304774 Thanks for working through those steps. Let's meet up in DM and continue our troubleshooting there. https://t.co/GDrqU22YpT,technical_howto,technical_howto,no,4,Relevant response with useful troubleshooting or targeted clarification; further interaction may be needed.
2256433,Thu Oct 19 17:32:01 +0000 2017,@AppleSupport hi. Keep getting remote hotspot failure between iPad Pro and iPhone 7. Both on iOS 11.0.3,@392711 Let's see what's going with the hotspot. Can you tell us more info on what happens when you try to use it?,device_issue,device_issue,no,4,Relevant response with useful troubleshooting or targeted clarification; further interaction may be needed.
693940,Thu Nov 23 09:56:50 +0000 2017,So I just took my phone off charge 100% it’s now 77% and all my apps are closed and screen brightness is down.....@AppleSupport this isn’t because of a software update,@285461 Hi there. We're here to help you. DM us and tell us which version of iOS you're running. Find that under Settings &gt; General &gt; About. https://t.co/GDrqU22YpT,billing_payment,device_issue,no,3,"Appropriate support escalation, but the response is mostly generic and requires DM/follow-up. Intent corrected from weak suggestion to device_issue based on the customer request."
302275,Fri Oct 06 22:52:56 +0000 2017,@AppleSupport do something about IOS because the phone is not running well as it supposed to,"@188126 We'd be happy to look this over with you. Please meet us in DM so we may gather information, and better assist. https://t.co/GDrqU22YpT",other,other,no,3,"Appropriate support escalation, but the response is mostly generic and requires DM/follow-up."
2955428,Wed Nov 29 18:48:21 +0000 2017,"@AppleSupport I can put in English ;)
What’s wrong with #Apple music ?? Can’t seem to even activate it. Screen remains blank.","@815839 We're happy to look into this with you. Do other apps, such as the App Store or iTunes Store load properly?",device_issue,device_issue,no,2,Response is too generic or does not provide enough information to resolve the stated issue.
2212893,Fri Nov 10 03:41:55 +0000 2017,"@115858, please help my phone. The I️ on this keyboard turns into something comical. And frustrating.",@646726 We've recently released an update to fix this. We do recommend creating a current backup of the data on your device before updating. Here's how to create a backup and update your iOS software: https://t.co/80YRnjDFDk Let us know if this helps through DM. https://t.co/GDrqU22YpT,other,other,no,3,"Appropriate support escalation, but the response is mostly generic and requires DM/follow-up."
1082429,Mon Oct 23 15:37:31 +0000 2017,"@AppleSupport since the iOS 11 updates, my phone freezes all the time and is much slower!!","@375326 We want your iPhone to work properly, and we're here for you. Which apps are giving you trouble? DM us with details here: https://t.co/GDrqU22YpT",status_followup,status_followup,no,3,"Appropriate support escalation, but the response is mostly generic and requires DM/follow-up."
286870,Fri Oct 06 11:00:22 +0000 2017,"@AppleSupport What sucks is when iTunes downloads duplicates, the ones I delete from iTunes on my computer may be different from ones on phone.",@184353 Thanks for bringing this to our attention. Please click here to meet us in DM. We'll continue there: https://t.co/GDrqU22YpT,app_service_issue,app_service_issue,no,3,"Appropriate support escalation, but the response is mostly generic and requires DM/follow-up."
542370,Sat Dec 02 07:46:04 +0000 2017,Same ISSUE @AppleSupport !!! https://t.co/CsTJkjhW3x,"@245878 We can help out. We need to get you updated to iOS 11.2. The process is going to be a little different from a typical update. Use the instructions here: https://t.co/osZOKKTalm

Before updating, make sure you have a current backup. Tell us in DM if the issue continues: https://t.co/GDrqU22YpT",other,other,no,3,"Appropriate support escalation, but the response is mostly generic and requires DM/follow-up."
1691817,Mon Nov 06 18:43:50 +0000 2017,@AppleSupport Hahaha omg. https://t.co/3k8sdzYwPC,@513539 Here’s what you can do to work around the issue until it’s fixed in a future software update: https://t.co/qODbOsp4wz,other,other,yes,5,Response directly addresses the stated issue with an actionable answer or appropriate resource.
720692,Fri Oct 06 08:25:03 +0000 2017,@AppleSupport I have restarted my device many times since and the issue is still present. I'm not the only one seeing this: https://t.co/4GzXPn46ES,"@292490 Have you already updated to our latest release, iOS 11.0.2? https://t.co/ahjigcvFRG Let us know in DM. https://t.co/GDrqU22YpT",device_issue,device_issue,no,3,"Appropriate support escalation, but the response is mostly generic and requires DM/follow-up."
2185559,Thu Nov 09 16:44:55 +0000 2017,I’ve never had a bad experience at @115858 until today and I’m so disappointed,@640075 We'd like to hear about your experience. Send us a DM and tell us what's going on. https://t.co/GDrqU22YpT,other,other,no,3,"Appropriate support escalation, but the response is mostly generic and requires DM/follow-up."
2295661,Sun Nov 12 19:47:40 +0000 2017,@AppleSupport @116333 multiple friends faced the Apple logo boot loop on iOS 11.1. What is going on??,@342778 We're happy to look into any issues you may be experiencing. Here is some troubleshooting steps to try. Please DM us if you are still having trouble. https://t.co/iYLZzFD8qZ,other,other,no,4,Relevant response with useful troubleshooting or targeted clarification; further interaction may be needed.
1726255,Tue Nov 07 03:16:56 +0000 2017,@AppleSupport what’s with all these I️ symbols? Fix this please,@522085 Here’s what you can do to work around the issue until it’s fixed in a future software update: https://t.co/qODbOsp4wz,other,other,yes,5,Response directly addresses the stated issue with an actionable answer or appropriate resource.
336570,Sat Oct 07 20:08:48 +0000 2017,"#ios11 @AppleSupport 
native mail app on 6s+miserable ios11 keeps showing unread count, but when you go to look, no new mail 

for f sake😡👎🏼",@196301 We'd be happy to help. Are you experiencing this issue on the latest version of iOS 11.0.2?,other,other,no,4,Relevant response with useful troubleshooting or targeted clarification; further interaction may be needed.
1624992,Sun Nov 05 12:09:00 +0000 2017,@115858 wtf https://t.co/4Ck5XP2Hi8,@497659 We want to help. Does this behavior occur after restarting your iPhone? What iOS version is installed?,other,other,no,4,Relevant response with useful troubleshooting or targeted clarification; further interaction may be needed.
685804,Thu Nov 23 04:30:04 +0000 2017,@115858 I think there is some issue with #Safari lot of website links are not opening. Kindly look into it.,@283706 We are here to help. DM us the details of your issue and we can take a look at this. https://t.co/GDrqU22YpT,other,other,no,3,"Appropriate support escalation, but the response is mostly generic and requires DM/follow-up."
926439,Fri Oct 13 21:25:49 +0000 2017,"@AppleSupport ever since I downloaded iOS11 my phone crashes 4/5 times I open an app, and my phone calls don’t work","@339824 Definitely not what we want to hear, but we can help! What type of iPhone do you have and which version of iOS 11 do you have?",device_issue,device_issue,no,4,Relevant response with useful troubleshooting or targeted clarification; further interaction may be needed.
586940,Sun Dec 03 12:51:45 +0000 2017,@AppleSupport where is this apple pay cash in the uk  downloaded 11.2 and again nothing there why ?,"@258609 If you're in the US, those features will require iOS 11.2 and will begin rolling out early next week.",app_service_issue,app_service_issue,no,2,Response is too generic or does not provide enough information to resolve the stated issue. Intent corrected from weak suggestion to app_service_issue based on the customer request.
2444188,Tue Nov 14 23:49:48 +0000 2017,@AppleSupport my AirPods will not work with my iPhone X ON CALLS ONLY.  Music is fine. Tried multiple sets / all the same. This must be a bug.  Help?,@623257 We want you to be able to enjoy those AirPods under every circumstance. Are you updated to iOS 11.1.1? Check at Settings &gt; General &gt; About.,device_issue,device_issue,no,4,Relevant response with useful troubleshooting or targeted clarification; further interaction may be needed.
1435830,Thu Nov 02 07:41:26 +0000 2017,"@115858 this problem is still not solved. 1. The emoji panel blocks the textbox. 2. Emoji are not showing up, they’re “...” instead. https://t.co/oGzjSY3c6I","@453338 Hey, let's take a look into this together. Can you verify the exact iOS version for us? Also, does restarting make a difference?",other,other,no,2,Response is too generic or does not provide enough information to resolve the stated issue.
4900,Thu Nov 02 07:29:20 +0000 2017,@AppleSupport @116860 I have and my battery life has become even worse,@116861 Let's look into this further in DM. https://t.co/GDrqU22YpT,device_issue,device_issue,no,3,"Appropriate support escalation, but the response is mostly generic and requires DM/follow-up."
2051350,Thu Oct 05 19:45:00 +0000 2017,@606643 @115858 @AppleSupport Since I’ve updated my music won’t play in my car!! 😡 Any ideas @AppleSupport ??? Sorry to jump on your tweet 😬 I’m thinking @1647 too 🤔,"@606642 Let's look into this together. To start, can you DM us any additional info on what you're experiencing? We'll start from there. https://t.co/GDrqU2kzhr",status_followup,status_followup,no,3,"Appropriate support escalation, but the response is mostly generic and requires DM/follow-up."
559223,Sat Dec 02 21:13:43 +0000 2017,@AppleSupport is Audioslave’s “Relavations” album not supposed to be on iTunes? It’s missing from the Canadian store.,@250691 We'd like to get you pointed in the best direction for assistance on this. Touch base with our iTunes Store team and they can better advise. Use this link https://t.co/IBIY3vMgPj and pick iTunes &amp; Apple Music &gt; iTunes Store,order_purchase,order_purchase,yes,5,Response directly addresses the stated issue with an actionable answer or appropriate resource. Intent corrected from weak suggestion to order_purchase based on the customer request.
2036881,Mon Nov 06 23:07:17 +0000 2017,Alright that’s it. How many times am I going to have to retype my messages till they stop erasing before I️ even send??? @AppleSupport,@477764 We can look into this with you. Send us a DM with what model iPhone &amp; iOS version you're working. We'll meet you there. https://t.co/GDrqU22YpT,other,other,no,4,Relevant response with useful troubleshooting or targeted clarification; further interaction may be needed.
954247,Sat Oct 21 19:06:51 +0000 2017,"@AppleSupport The left corner of my screen is cracked, and I'm wanting a estimate on how much it is to get it fixed.","@346421 We're sorry to hear that. Check your warranty status, repair pricing, and repair options visit: https://t.co/nCtMNlEGjF",device_issue,device_issue,yes,5,Response directly addresses the stated issue with an actionable answer or appropriate resource.
1433718,Thu Nov 02 08:43:20 +0000 2017,"@AppleSupport uh, need some help here. https://t.co/xAl9WnCQ5S","@450014 Let's help! At what point do you receive that No Data Available error? When you access Game Center in Settings, does it not open?",other,other,no,4,Relevant response with useful troubleshooting or targeted clarification; further interaction may be needed.
2028671,Thu Oct 19 01:04:52 +0000 2017,"@AppleSupport It doesn't shut it off completely though, when I'm listening to music on the go it randomly turns on and im not even close to touching home",@599920 Let's take a closer look together. Please DM us and we can go from there. https://t.co/GDrqU22YpT,other,other,no,3,"Appropriate support escalation, but the response is mostly generic and requires DM/follow-up."
518341,Sat Dec 02 01:09:15 +0000 2017,"@AppleSupport Have an iphone 7+ on ios 11.1.2 and it keeps restarting with the spinning wheel every minute or so... it's driving me nuts; how can i fix it??? I'm in Melbourne, Australia; the problem started last night.",@239551 Are all of your apps up to date on your phone? Let us know in a DM. https://t.co/GDrqU2kzhr,device_issue,device_issue,no,3,"Appropriate support escalation, but the response is mostly generic and requires DM/follow-up."
1648463,Sun Nov 05 16:06:30 +0000 2017,Hey @AppleSupport why does my phone do the A ? all over social media when someone types “I️” ??? https://t.co/VWESZe0hLH,@503603 Great question. Is this happening with your device or are you only seeing it when someone else types? DM us. https://t.co/GDrqU22YpT,other,other,no,3,"Appropriate support escalation, but the response is mostly generic and requires DM/follow-up."
1133617,Sun Oct 15 16:04:50 +0000 2017,"@AppleSupport Doesn’t work in any format, video or in any apps.","@387111 OK, we're gong to need to move to DM where we have enough room to do this right. https://t.co/GDrqU22YpT",other,other,no,3,"Appropriate support escalation, but the response is mostly generic and requires DM/follow-up."
302969,Sat Nov 25 03:26:37 +0000 2017,@115858 I’m annoyed my new iOS upgrade switches screen brightness at its own will. Did you not fix this?! Love: iPhone user since 2007 and never complained.,@188309 Auto-Brightness is enabled by default in iOS 11. You can disable it from Settings &gt; General &gt; Accessibility &gt; Display Accommodations. Let us know in DM if you need further assistance with this. https://t.co/GDrqU22YpT,device_issue,device_issue,no,5,Response does not meaningfully address the customer’s stated issue.
2960102,Wed Nov 29 22:13:50 +0000 2017,"@299216 @AppleSupport I get that occasionally, and find it odd an entire ROOM is not responding…",@187099 Let us know in DM whether all devices are up to date and we'll get started. https://t.co/GDrqU22YpT,other,other,no,3,"Appropriate support escalation, but the response is mostly generic and requires DM/follow-up."
2127269,Wed Nov 08 15:27:44 +0000 2017,@115858 please correct the keyboard issue- #annoyed,"@543449 Fill us in via DM on the issue you're experiencing with your keyboard and on which device, then we can help out. https://t.co/GDrqU22YpT",other,other,no,4,Relevant response with useful troubleshooting or targeted clarification; further interaction may be needed.
1942532,Mon Oct 30 00:36:48 +0000 2017,"My phone lags so much, and the fucking video/sound is fucked smh get it together @115858",@577604 Thanks for reaching out to us. We'd like to help you and look into this further. Please DM us to continue working on this. https://t.co/GDrqU22YpT,other,other,no,3,"Appropriate support escalation, but the response is mostly generic and requires DM/follow-up."
1350635,Fri Oct 27 15:10:04 +0000 2017,#iOS 11.03... Why is my lock screen like this suddenly? @AppleSupport (looks like the system tray doesn’t know it is locked?) https://t.co/Rq4OHIb9vn,@434937 We can check out what's happening with your home screen. Let's pair up in DM to get a better look. https://t.co/GDrqU22YpT,account_access,account_access,no,3,"Appropriate support escalation, but the response is mostly generic and requires DM/follow-up."
56957,Wed Nov 01 19:17:15 +0000 2017,"@AppleSupport I’m trying to download WatchOS 4.1, but it’s frozen on “Estimating time remaining”. nothing’s happening. what do I do?","@128899 Thanks for reaching out! Take a look at the steps here under ""If you need help updating"": https://t.co/s6t9pl6tpv",device_issue,device_issue,no,2,Response is too generic or does not provide enough information to resolve the stated issue.
1503038,Sun Nov 26 02:13:05 +0000 2017,Image Capture isn't fully compatible with iPhoneX @AppleSupport,@468855 We'd like to get more info and see how we can help. DM us details on what you're seeing and we'll continue from there. https://t.co/GDrqU22YpT,device_issue,device_issue,no,3,"Appropriate support escalation, but the response is mostly generic and requires DM/follow-up."
589479,Sun Dec 03 15:17:55 +0000 2017,@115858 im tired of ya and these glitches now everytime I write it shit changes to I.t.... LIKE WHAT,@259369 We're happy to look into this issue with autocorrect with you. Please DM us your device model and the iOS version you have installed. This is located in Settings &gt; General &gt; About. https://t.co/GDrqU22YpT,technical_howto,technical_howto,no,4,Relevant response with useful troubleshooting or targeted clarification; further interaction may be needed.
388553,Mon Oct 09 08:38:09 +0000 2017,"@AppleSupport My husbands phone has updated itself when he said not to and now he has lost all his business contacts, any ideas what's up?","@207937 We'd be happy to look into this with you. Send us a DM, and we'll continue there. https://t.co/GDrqU22YpT",status_followup,status_followup,no,3,"Appropriate support escalation, but the response is mostly generic and requires DM/follow-up."
2616657,Fri Nov 17 07:41:10 +0000 2017,And FaceID randomly stopped working after using an app on 11.1.2 on iPhone X @54506 @AppleSupport,@739576 We want to help. What app are you using to stream videos? And are you getting an error with Face ID? Let us know in a DM to continue. https://t.co/GDrqU22YpT,device_issue,device_issue,no,4,Relevant response with useful troubleshooting or targeted clarification; further interaction may be needed.
145210,Fri Nov 24 06:16:37 +0000 2017,Fix y’all fucking system @115858 this glitching shit annoying me 💯🖕🏾,"@148905 We know it's important for your device to work the way you expect, and we're here for you. To get started, send us a DM with more information about what's going on, and the device you're experiencing this on. We'll meet you there. https://t.co/GDrqU22YpT",other,other,no,4,Relevant response with useful troubleshooting or targeted clarification; further interaction may be needed.
695276,Thu Nov 23 18:33:00 +0000 2017,@AppleSupport That link just explains how to record a screen. Not how to save the recording in .mp4 like iOS does by default.,"@285820 For questions about exporting QuickTime videos in another format, check this out: https://t.co/qq3thtcbRW If you have further questions, DM us and we'll get you to the right place for support. https://t.co/GDrqU22YpT",device_issue,device_issue,no,3,"Appropriate support escalation, but the response is mostly generic and requires DM/follow-up."
2261771,Thu Oct 19 17:48:18 +0000 2017,"@AppleSupport headphones are now too quiet since update. Tried various, all the same. Nothing wrong with the jack. How can i fix this?",@658500 Let’s look into this together. Which device and version of iOS are you using? Let us know in DM to begin. https://t.co/GDrqU22YpT,status_followup,status_followup,no,4,Relevant response with useful troubleshooting or targeted clarification; further interaction may be needed.
1704694,Tue Nov 07 03:06:46 +0000 2017,@AppleSupport iPhone 6plus and freezing and glitching,@516710 Let's meet up to discuss this further. Here's a link to DM us the version of iOS shown in Settings &gt; General &gt; About: https://t.co/GDrqU22YpT,device_issue,device_issue,no,3,"Appropriate support escalation, but the response is mostly generic and requires DM/follow-up."
2068614,Sun Oct 08 14:46:23 +0000 2017,@AppleSupport I'm very disappointed how my wife was treated by someone in your #Apple store in #Cardiff. Couldn't bother to help my wife.,"@611743 That's not the experience we want you to have when visiting an Apple Store. DM us with details, and we'll see how we can help. https://t.co/GDrqU22YpT",billing_payment,app_service_issue,no,3,"Appropriate support escalation, but the response is mostly generic and requires DM/follow-up. Intent corrected from weak suggestion to app_service_issue based on the customer request."
1724391,Tue Nov 07 02:45:39 +0000 2017,@AppleSupport fix this damn problem when we type in “I️” please &amp; thank you,@521560 Here’s what you can do to work around the issue until it’s fixed in a future software update: https://t.co/xXaXeeSRt9,other,other,yes,5,Response directly addresses the stated issue with an actionable answer or appropriate resource.
2696074,Sun Nov 19 18:06:44 +0000 2017,Hey @AppleSupport FYI- people are attempting to phish people using your name again https://t.co/pP8a24U6B1,"@684659 Thanks for bringing this to our attention. For help with identifying and reporting phishing attempts, check out: https://t.co/LNMCdqt6fD",other,other,no,2,Response is too generic or does not provide enough information to resolve the stated issue.
2456185,Wed Nov 15 03:24:43 +0000 2017,My phone completely stopped working correctly as soon as the iPhone X dropped wTF!!!!!!!!!! @115858,@703586 We'd like to look into your issue. Send us a DM with your device type and iOS version to get started. https://t.co/GDrqU22YpT,device_issue,device_issue,no,4,Relevant response with useful troubleshooting or targeted clarification; further interaction may be needed.
1019377,Sun Oct 22 22:31:06 +0000 2017,@AppleSupport Yes. These albums have been added via the “Add to Library” feature on Apple Music. The page being shown is “recently added”,@361204 Got it. Which type of device and version of iOS are you using?,app_service_issue,app_service_issue,no,4,Relevant response with useful troubleshooting or targeted clarification; further interaction may be needed.
1976139,Wed Nov 01 17:21:12 +0000 2017,@AppleSupport hi... the I️ on my keyboard isn’t working since I️ updated it. Whenever I️ type I️ it’s comes up at boxes. how do I️ fix it?,@585202 Let's get to the bottom of this together. Please DM us and let us know which device and software version you're using. https://t.co/GDrqU22YpT,technical_howto,technical_howto,no,4,Relevant response with useful troubleshooting or targeted clarification; further interaction may be needed.
2287880,Sun Nov 12 02:01:44 +0000 2017,@664710 @115858 Mine does that too!!!!!!! It'll drop from 36% to 1% in less than an hour I fucking hate it,"@664709 We'd like to know more to assist. Which iPhone model and iOS does this occur on? Also, when charging are you still using the original cable and adapter that came with your device? Let us know in DM and we'll continue. https://t.co/GDrqU22YpT",other,other,no,4,Relevant response with useful troubleshooting or targeted clarification; further interaction may be needed.
105317,Thu Nov 30 18:26:27 +0000 2017,hey @115858 fix the damn iOS so my phone stops freaking out. you want people to pay $1000 for a phone that has bugs?! it just deleted my entire yahoo inbox and now it’s downloading them again. all 8000! 😡,@139255 We'd like to help! Which iPhone and iOS are you using? You can check in Settings &gt; General &gt; About &gt; Version. Let us know in DM: https://t.co/GDrqU22YpT,app_service_issue,app_service_issue,no,4,Relevant response with useful troubleshooting or targeted clarification; further interaction may be needed. Intent corrected from weak suggestion to app_service_issue based on the customer request.
667847,Thu Nov 23 03:25:05 +0000 2017,"My iPhone 7 has had horrendous battery life since upgrading to iOS 11. Upgraded to iOS 11.1.2 the other night and haven't had cell reception since. The update actually bricked my phone. Your QA is reckless, @115858 /cc @AppleSupport",@279196 We are here for you. Let's take a look at this further for you. Reach out to us in DM. https://t.co/GDrqU22YpT,device_issue,device_issue,no,3,"Appropriate support escalation, but the response is mostly generic and requires DM/follow-up."
947855,Sat Oct 21 16:17:03 +0000 2017,@AppleSupport I received this scam email. What’s the best way to report it? https://t.co/KCQbQ1ZD3z,@344783 We can help. You can use the info in this link to identify and report these emails: https://t.co/sayPykspsk,other,other,yes,5,Response directly addresses the stated issue with an actionable answer or appropriate resource.
1806981,Fri Nov 10 20:25:30 +0000 2017,"@AppleSupport I don't know if I am following, you mean checking the other devices linked to my Apple Music account?","@542870 Do you see that you can download the music from the iTunes Store app? From the bottom of the screen in the iTunes Store app, tap More &gt; Purchased &gt; Music. Tap “Not on This [device]. Do you see the album in there which you can tap to download?",account_access,account_access,no,4,Relevant response with useful troubleshooting or targeted clarification; further interaction may be needed. Intent corrected from weak suggestion to account_access based on the customer request.
564019,Sat Dec 02 23:49:49 +0000 2017,"@AppleSupport I have an app (on my iPad, not iPhone) that’s no longer available on the Canadian store. It is on the US one. Is there a way 2 determine if we’ll ever see it in Canada again? It’s called “PhotoJoiner” by https://t.co/5GMP1lI7HR. Selecting change stores doesn’t work. https://t.co/PcdIyADTHR","@252085 For determining if an app would be back on a certain countries App Store, you will want to reach out to the developer of that app for more info.",device_issue,app_service_issue,no,2,Response is too generic or does not provide enough information to resolve the stated issue. Intent corrected from weak suggestion to app_service_issue based on the customer request.
2027398,Mon Nov 06 17:36:32 +0000 2017,@115858 iOS still very glitchy turning “i” into garbled text. Guess y’all took the weekend off after that $AAPL earnings report. 😂,@599537 Here’s what you can do to work around the issue until it’s fixed in a future software update: https://t.co/xXaXeeSRt9 https://t.co/GDrqU22YpT,other,other,yes,5,Response directly addresses the stated issue with an actionable answer or appropriate resource.
1484393,Fri Nov 03 02:21:48 +0000 2017,@115858 Am I the only person having this problem,@464717 Let's work on this together in DM. Follow us there using the link below: https://t.co/GDrqU22YpT,other,other,no,3,"Appropriate support escalation, but the response is mostly generic and requires DM/follow-up."
2349448,Mon Nov 13 16:12:16 +0000 2017,"Poor QA on #ios1111 crapped launch. Seems like too many issues, recent calls take a while to populate. Notifications are overlapping and overflowing @AppleSupport @115858 https://t.co/VapWuPFyB9","@679127 We're here to help. Can you tell us when this issue began? Also, if you restart the iPhone, does the issue remain?",other,other,no,4,Relevant response with useful troubleshooting or targeted clarification; further interaction may be needed.
1774426,Wed Nov 08 01:57:10 +0000 2017,@AppleSupport why do my i’s show up as question mark boxes 🙃,@533257 We want to help. DM us and we'll work from there. https://t.co/GDrqU22YpT,other,other,no,3,"Appropriate support escalation, but the response is mostly generic and requires DM/follow-up."
1772832,Wed Nov 08 02:31:28 +0000 2017,"@AppleSupport Whatever the latest is when update runs. 11.??? Ok, checked and there is a 11.1 update waiting. Maybe that was addressed. Will download and see.",@532825 That's a great idea. Keep us updated.,app_service_issue,app_service_issue,no,2,Response is too generic or does not provide enough information to resolve the stated issue.
2453632,Sun Oct 29 18:37:33 +0000 2017,@AppleSupport Am I right that Apple Watch doesn't support standalone podcast playback?  How is that possible? Glaring miss.,"@702932 While that isn't currently an option, we love suggestions! Please leave those for us here: https://t.co/eTPVYVFyd8",device_issue,technical_howto,no,2,Response is too generic or does not provide enough information to resolve the stated issue. Intent corrected from weak suggestion to technical_howto based on the customer request.
2266204,Sat Nov 11 03:25:31 +0000 2017,What the French toast @115858  @AppleSupport  😒😒😒 https://t.co/slTBYLW15u,@659636 We'd like to help. DM us what iOS version you're on https://t.co/GDrqU22YpT,other,other,no,4,Relevant response with useful troubleshooting or targeted clarification; further interaction may be needed.
2355035,Mon Nov 13 18:27:56 +0000 2017,My phone started doing the I️ thing wtf @115858,"@680391 We'd like to help. Have you already updated to 11.1.1? If not, back up your device and update. If you are already on 11.1.1, send us a DM. https://t.co/GDrqU22YpT",other,other,no,3,"Appropriate support escalation, but the response is mostly generic and requires DM/follow-up."
2573880,Thu Nov 16 19:22:25 +0000 2017,@AppleSupport it would really be helpful if I could reply to text messages. Why has my keyboard disappeared?,@729910 We'd like to be sure you can send messages normally. Have you restarted your iPhone to see if your keyboard starts to show up normally again?,other,other,no,2,Response is too generic or does not provide enough information to resolve the stated issue.
2862126,Mon Nov 27 23:29:25 +0000 2017,@AppleSupport Why were the ones that aren't legitimate @115858 email addresses listed as News From Apple in my iCloud account?,@795091 Please meet us in DM and we'll continue there. https://t.co/GDrqU22YpT,account_access,account_access,no,3,"Appropriate support escalation, but the response is mostly generic and requires DM/follow-up. Intent corrected from weak suggestion to account_access based on the customer request."
427845,Tue Oct 10 05:22:18 +0000 2017,@115858 fix this iOS 11 update PLEASE.,@216744 What's going on with your device? We might be able to help.,status_followup,status_followup,no,4,Relevant response with useful troubleshooting or targeted clarification; further interaction may be needed.
2705808,Wed Nov 08 15:26:30 +0000 2017,Can y’all please fix this mess 🙄 it’s highly irritating! @115858 @AppleSupport,@759916 We want to help. DM us details on the issue you're having and please include the device and OS. We'll work with you there. https://t.co/GDrqU22YpT,other,other,no,3,"Appropriate support escalation, but the response is mostly generic and requires DM/follow-up."
127141,Fri Nov 24 03:31:24 +0000 2017,@115858 my phone is broken 😑.,@144549 We'd be glad to assist! What issues are you experiencing?,device_issue,device_issue,no,4,Relevant response with useful troubleshooting or targeted clarification; further interaction may be needed.
2320121,Mon Nov 13 04:15:49 +0000 2017,@115858 can y’all fix this stupid ass glitch,@672424 We're here for you and happy to help you. Can you tell us what's happening? Which device are you using?,other,other,no,4,Relevant response with useful troubleshooting or targeted clarification; further interaction may be needed.
2831720,Mon Nov 27 16:07:39 +0000 2017,@AppleSupport That’s exactly what I did. Set it up as a new iPhone phone and it still freezes. 😞,@616023 We'd like to look into this in more detail. Send us a DM and we'll continue from there: https://t.co/GDrqU22YpT,device_issue,device_issue,no,3,"Appropriate support escalation, but the response is mostly generic and requires DM/follow-up."
2381346,Tue Nov 21 22:39:17 +0000 2017,"Is anyone else’s iPhone alarm not going off?! No matter what time I set it, it won’t work?! @AppleSupport","@317281 We'd like to see what we can do to assist. When did you start seeing this happen? Also, what version of iOS are you currently running?",device_issue,device_issue,no,4,Relevant response with useful troubleshooting or targeted clarification; further interaction may be needed.
1639198,Sun Nov 05 15:40:55 +0000 2017,When you try to type “i” but it shows up as “! [A]” @AppleSupport what’s up https://t.co/s2nPDX6WsO,@116484 We'd be happy to help. Check out these steps to help: https://t.co/xU1AGHStV6,other,other,yes,5,Response directly addresses the stated issue with an actionable answer or appropriate resource.
337026,Sat Oct 07 20:23:29 +0000 2017,most recent @115858 OS update sucks. Crashed my phone. Customer service call for naught. Their computer crashed too  #WhatwouldSteveJobsdo?,@196412 Let's work together. Please send us a DM so we can get this resolved. https://t.co/GDrqU22YpT,device_issue,device_issue,no,3,"Appropriate support escalation, but the response is mostly generic and requires DM/follow-up."
588097,Sun Dec 03 13:20:01 +0000 2017,"@AppleSupport wtf? I created a repair order (A273997423) to get my iPhone battery replaced, but Apple received the product, deemed it ""couldn't duplicate issue"", and shipped it back to me. You should have replaced battery, or contacted me to find out what the issue was.",@258975 We want to help. Reach us via DM to continue. https://t.co/GDrqU22YpT,device_issue,device_issue,no,3,"Appropriate support escalation, but the response is mostly generic and requires DM/follow-up."
2001090,Fri Nov 03 15:29:36 +0000 2017,Apple I️ don’t know what the fuck your deal is with autocorrecting words spelled right but I️ am not happy with you @115858,@591721 We'd be happy to help. DM us more details of what's going on with your autocorrect and we'll work this out with you. https://t.co/GDrqU22YpT,other,other,no,3,"Appropriate support escalation, but the response is mostly generic and requires DM/follow-up."
1743672,Tue Nov 07 15:22:39 +0000 2017,Wtf. That damn “I️” error is the worst. Cmon @115858,@525928 Here’s what you can do to work around the issue until it’s fixed in a future software update: https://t.co/qODbOsp4wz,other,other,yes,5,Response directly addresses the stated issue with an actionable answer or appropriate resource.
1674777,Mon Nov 06 04:47:02 +0000 2017,@AppleSupport please tell me how this adds up to 10GB. These are the only apps I have on my phone. https://t.co/pYArvJK233,@509570 We're here to help. Let's take this to DM so we can continue to assist you there. https://t.co/GDrqU22YpT,other,other,no,3,"Appropriate support escalation, but the response is mostly generic and requires DM/follow-up."
8304,Sun Nov 05 21:52:45 +0000 2017,@116333 @115858  can your team let me know why my new iPhone 6 always has hanging problem I do not know what the problem is by I know I feel I am cheated by apple for phone 📱 do I ?,@117457 We'd be concerned with an unresponsive device too. Let us know your iOS version in DM and we'll help: https://t.co/GDrqU22YpT,device_issue,device_issue,no,4,Relevant response with useful troubleshooting or targeted clarification; further interaction may be needed.
2237379,Fri Nov 10 15:22:30 +0000 2017,@AppleSupport @115948 how’d I get charged for 3 singles and the album? Preorder wouldn’t download https://t.co/YqOXfUm04y,@652437 Let's help get you into the right hands to get this sorted. Please reach out to our iTunes team via: https://t.co/SDIe7UA9Bl,billing_payment,billing_payment,no,2,Response is too generic or does not provide enough information to resolve the stated issue. Intent corrected from weak suggestion to billing_payment based on the customer request.
2288367,Thu Oct 19 19:14:15 +0000 2017,If I just updated my phone why is it so slow? @115858,@664827 We help you through this. How long ago did you update? Let us know via DM. https://t.co/GDrqU2kzhr,status_followup,status_followup,no,4,Relevant response with useful troubleshooting or targeted clarification; further interaction may be needed.
50875,Sun Oct 15 04:45:10 +0000 2017,help @AppleSupport https://t.co/Kk9NjhJNtI,@127421 We'd like to help you get this resolved. Could you tell us which iPhone you're using? When did the update notification show up?,other,other,no,4,Relevant response with useful troubleshooting or targeted clarification; further interaction may be needed.
2675086,Tue Oct 31 15:04:26 +0000 2017,@AppleSupport iPhone 5se with 11.0.3 and it started yesterday,@270085 Let's get Touch ID working again. Please start by trying the steps here: https://t.co/AsMLCsnb6S Let us know how it goes.,device_issue,device_issue,no,2,Response is too generic or does not provide enough information to resolve the stated issue. Intent corrected from weak suggestion to device_issue based on the customer request.
2305118,Sun Nov 12 19:26:06 +0000 2017,So go and get the ‘amazing’ iPhone X and the price of shit won’t let me install any apps? WHAT A LOAD OF SHIT!! @AppleSupport,"@668804 Let's figure this out so that you can enjoy your new iPhone X. Send us a DM with details on what's happening when trying to install apps, and we'll go from there: https://t.co/GDrqU22YpT",device_issue,device_issue,no,4,Relevant response with useful troubleshooting or targeted clarification; further interaction may be needed.
1466913,Thu Nov 02 17:20:00 +0000 2017,So we have a problem @applesupport,@460481 We want to help. Can you tell us what's happening and we can get you in the right direction?,other,other,no,4,Relevant response with useful troubleshooting or targeted clarification; further interaction may be needed.
1781683,Thu Oct 12 00:08:45 +0000 2017,My @115858 #IPhone7 is absolute garbage. No service. Apps always crashing. Dead zones on the screen. @AppleSupport,"@210928 As there are multiple issues, we'd like to know more to help. Send us a DM using the link below and we'll continue. https://t.co/GDrqU22YpT",device_issue,device_issue,no,3,"Appropriate support escalation, but the response is mostly generic and requires DM/follow-up."
146673,Fri Nov 24 08:10:59 +0000 2017,@AppleSupport I went to your store to get my computer checked a few days ago to realize they never gave me back my power cord and I want to die the store is very far from me I don't know what to do,@149295 Hey there! We'd love to see what we can do. DM us which country you're in and we'll get started. https://t.co/GDrqU22YpT,order_purchase,app_service_issue,no,4,Relevant response with useful troubleshooting or targeted clarification; further interaction may be needed. Intent corrected from weak suggestion to app_service_issue based on the customer request.
1096916,Tue Oct 24 18:10:07 +0000 2017,"@AppleSupport Yea, no. I knew enough to do that first. I’m only writing after I tried everything. I used to select and delete tons of emails at once. Not",@378849 Got it. We want to hear more about the steps that you've tried. Let's meet in DM and we'll go from there. https://t.co/GDrqU22YpT,other,other,no,4,Relevant response with useful troubleshooting or targeted clarification; further interaction may be needed.
2544004,Thu Nov 16 04:35:48 +0000 2017,@AppleSupport ios 11.1.1 makes my iphone 7 battery drain horribly. please make a new update this sucks,@723190 That's not the experience we want you to have. Join us in DM so we may better assist you: https://t.co/GDrqU22YpT,device_issue,device_issue,no,3,"Appropriate support escalation, but the response is mostly generic and requires DM/follow-up."
1166648,Mon Oct 16 09:15:49 +0000 2017,@AppleSupport Now am also seeing similar behaviour in Slack app. Not receiving notifications.,@394423 Let's go ahead and continue in DM. https://t.co/GDrqU22YpT,other,other,no,3,"Appropriate support escalation, but the response is mostly generic and requires DM/follow-up."
1149715,Tue Oct 24 13:46:51 +0000 2017,@AppleSupport Our Multinational IT services across 7 European countries cannot sign in to the app store with newly created apple id today.,@390550 We want to help. What happens when trying to sign in with this Apple ID? Let us know in DM. https://t.co/GDrqU22YpT,account_access,account_access,no,4,Relevant response with useful troubleshooting or targeted clarification; further interaction may be needed.
2018877,Sat Nov 04 18:47:00 +0000 2017,@115858 if y’all don’t fix this 😑 https://t.co/xWQjpOoNz9,@597047 We'd recommend trying the steps here: https://t.co/xU1AGHStV6 Let us know in DM if the issue continues. https://t.co/GDrqU22YpT,other,other,no,4,Relevant response with useful troubleshooting or targeted clarification; further interaction may be needed.
560451,Sat Dec 02 22:17:20 +0000 2017,@AppleSupport tu maldita actualización me pone súper lento el iPhone.,@251109 We offer support via Twitter in English. Get help in Spanish here: https://t.co/IBIY3vMgPj or join: https://t.co/OczyRx7IOs,device_issue,device_issue,no,2,Response is too generic or does not provide enough information to resolve the stated issue.
2345896,Mon Nov 13 16:34:03 +0000 2017,@AppleSupport When it’s 30 degrees or so. My old phone never had an issue. Seems to documented here. https://t.co/hewDF0Ecfu,@678341 Thanks for that information. DM which iPhone and specific iOS version you are using currently so we can continue to help. https://t.co/GDrqU22YpT,other,other,no,4,Relevant response with useful troubleshooting or targeted clarification; further interaction may be needed.
2081382,Mon Oct 09 22:31:17 +0000 2017,@AppleSupport what’s up with the alarm on the new update? Slept through my 8am this morning because my alarm no longer makes noise 🤔😞,"@615518 We want to ensure you're ready to start the day with your alarms working. Meet us in DM to get started, please. https://t.co/GDrqU22YpT",status_followup,status_followup,no,3,"Appropriate support escalation, but the response is mostly generic and requires DM/follow-up."
6669,Thu Oct 05 18:02:28 +0000 2017,"@AppleSupport My phone bricks itself every time I update it and doesn't connect properly to my BMW, what's up with that?","@606410 Let's look into this together. To start, can you DM us more information on what you're experiencing, and we'll start from there. https://t.co/GDrqU22YpT",technical_howto,technical_howto,no,3,"Appropriate support escalation, but the response is mostly generic and requires DM/follow-up."
2508227,Wed Nov 15 21:02:47 +0000 2017,@115858 where the hell have all my photos gone from my phone?!! Just updated and 2 years of photos have vanished??!!!,"@715073 We know Photos are very important for documenting your life and memories. We will definitely do all we can to see about recovering those Photos. So we can provide the best support, select the following link to join us in a DM and let us know the iOS version. https://t.co/GDrqU22YpT",status_followup,status_followup,no,4,Relevant response with useful troubleshooting or targeted clarification; further interaction may be needed.
2731461,Sun Nov 26 23:10:20 +0000 2017,@AppleSupport mon iPhone que j’ai payé 800€ y’a un problème c inadmissible !!!!,@765719 We offer support via Twitter in English. Contact us for help in your preferred language here: https://t.co/IBIY3vMgPj,device_issue,device_issue,no,2,Response is too generic or does not provide enough information to resolve the stated issue. Intent corrected from weak suggestion to device_issue based on the customer request.
1078402,Sun Oct 15 00:51:30 +0000 2017,"This new keyboard thing isn’t working on my iPad, @AppleSupport. Random numbers pop up in my words. And then I correct. Make it go away.",@374394 We can help. We just need a few more details. Are you referring to the software keyboard?,device_issue,device_issue,no,4,Relevant response with useful troubleshooting or targeted clarification; further interaction may be needed.
2007599,Sat Nov 04 04:35:02 +0000 2017,Already shattered the back on my iPhone 8 wtf @115858 “strongest glass ever on a smart phone” is false advertising,"@593660 We'd like to help you with this today. Please, send us your country in DM below and we'll review support options there. https://t.co/GDrqU22YpT",device_issue,device_issue,no,4,Relevant response with useful troubleshooting or targeted clarification; further interaction may be needed. Intent corrected from weak suggestion to device_issue based on the customer request.
1246001,Mon Oct 16 02:55:10 +0000 2017,This frickin update is draining my mf batter like maddd nah im downgrading because @115858   @AppleSupport  this is BS!!,@412305 We'd like to help. Send us a DM and we can start from there. https://t.co/GDrqU22YpT,app_service_issue,device_issue,no,3,"Appropriate support escalation, but the response is mostly generic and requires DM/follow-up. Intent corrected from weak suggestion to device_issue based on the customer request."
2093751,Wed Nov 08 14:47:37 +0000 2017,"@AppleSupport Gracias, @AppleSupport.",@618643 You're welcome. Let us know if you need any further help.,other,other,no,2,Response is too generic or does not provide enough information to resolve the stated issue.
1931761,Sat Oct 28 15:54:48 +0000 2017,@115858 please don’t make me have to buy an android phone to use Google Maps in my car. Apple Maps consistently sends me the wrong ways.,@574856 We'd like to hear more about this issue with Apple Maps. Can you please message us in DM with more details? https://t.co/GDrqU22YpT,order_purchase,app_service_issue,no,3,"Appropriate support escalation, but the response is mostly generic and requires DM/follow-up. Intent corrected from weak suggestion to app_service_issue based on the customer request."
2038047,Tue Nov 07 02:43:32 +0000 2017,"@AppleSupport 
Hello, I’m having MAJOR battery drain issues on iPhone 7+ after updating iOS 11.1-will there be a fix soon? Thanks",@602609 Let's see what we can find for this together. Please meet us in DM and let us know any steps you've already tried for this. https://t.co/GDrqU22YpT,device_issue,device_issue,no,4,Relevant response with useful troubleshooting or targeted clarification; further interaction may be needed.
1973560,Wed Nov 01 05:13:46 +0000 2017,@115858 what have you done. Your latest software update has made everything so slow. Not the Apple experience you expect and frustrating.,@584473 Thanks for reaching out to us. We are always happy to help. Send us a DM with more details. We'd be happy to help you there. https://t.co/GDrqU22YpT,status_followup,status_followup,no,3,"Appropriate support escalation, but the response is mostly generic and requires DM/follow-up."
2858297,Mon Nov 27 21:59:25 +0000 2017,"Ever since I updated my phone, my car won’t recognize the device with my aux cord *COUGH @AppleSupport what the heck man.","@794340 We'd be glad to take a look at this with you. Which iPhone are you using? If it's a 7 or later, are you using the lightning to phono adapter that came with it?",status_followup,status_followup,no,4,Relevant response with useful troubleshooting or targeted clarification; further interaction may be needed.
1905348,Wed Oct 25 03:59:42 +0000 2017,"@115858 I’m not able to change my store location from Oman to India. 
Again and again showing same problem https://t.co/qKjRrPsiWF",@567766 Is your billing address for the credit card also in India? Let us know in DM if this helps: https://t.co/usOJWy6ChP https://t.co/GDrqU22YpT,order_purchase,order_purchase,no,3,"Appropriate support escalation, but the response is mostly generic and requires DM/follow-up. Intent corrected from weak suggestion to order_purchase based on the customer request."
2573915,Thu Nov 16 21:17:04 +0000 2017,@AppleSupport This was helpful. Actually I had an application/browser which allowed me to access various websites and download videos. But I am not able to find that app now.,"@161351 Just to make sure we're on the same page, are you trying to locate and download that particular app again?",app_service_issue,app_service_issue,no,4,Relevant response with useful troubleshooting or targeted clarification; further interaction may be needed.
1416936,Mon Oct 16 18:08:52 +0000 2017,@AppleSupport Yup and the Mac App Store way isn’t working. When I hit download it might say calculating but nothing happens.,@449321 We certainly want to take a closer look into this. Select the following link to join us in a DM. https://t.co/GDrqU22YpT,app_service_issue,app_service_issue,no,3,"Appropriate support escalation, but the response is mostly generic and requires DM/follow-up."
82032,Thu Nov 30 04:31:04 +0000 2017,Thanks @115817 for loosing my iPhone X and for @115858 for not sending me a new one,@134153 We'd like to look into this with you. Let's hop in DM. Click here: https://t.co/GDrqU22YpT,device_issue,device_issue,no,3,"Appropriate support escalation, but the response is mostly generic and requires DM/follow-up. Intent corrected from weak suggestion to device_issue based on the customer request."
2422571,Tue Nov 14 17:56:42 +0000 2017,Clearly need to stop using a first-person pronoun until @115858 can get their shit together.,@695800 We'd be happy to help. Have you tried the latest update? Make sure you have a backup beforehand: https://t.co/4f8hwT5to6 DM us if that doesn't work. https://t.co/GDrqU22YpT,other,other,no,3,"Appropriate support escalation, but the response is mostly generic and requires DM/follow-up."
2132139,Wed Nov 08 19:35:20 +0000 2017,@115858 fix this it’s so annoying,@627451 Here’s what you can do to work around the issue until it’s fixed in a future software update: https://t.co/xXaXeeSRt9,other,other,yes,5,Response directly addresses the stated issue with an actionable answer or appropriate resource.
2807584,Wed Nov 22 04:10:20 +0000 2017,"I bought my charger 3 months ago and it already doesn't work, wtf @115858 @AppleSupport",@783007 We'd like to have a closer look at this. Please DM us. https://t.co/GDrqU2kzhr,billing_payment,device_issue,no,3,"Appropriate support escalation, but the response is mostly generic and requires DM/follow-up. Intent corrected from weak suggestion to device_issue based on the customer request."
1927143,Fri Oct 27 14:29:16 +0000 2017,Thanks @115858 for your stupid update it’s 1030am and I’m at 20% battery. Next time invent a software update undo button.,@573527 That's not the experience we want you to have.  Send us a DM letting us know if you are updated to iOS 11.0.3. https://t.co/GDrqU22YpT,device_issue,device_issue,no,3,"Appropriate support escalation, but the response is mostly generic and requires DM/follow-up."
2040302,Tue Nov 07 21:43:00 +0000 2017,Apple decided to delete ALL my @115948 with this software update 😿 @115858 @115858 @115858,@603283 We want to help. DM us which device you're having this issue on and we'll work with you on this issue there. https://t.co/GDrqU22YpT,status_followup,status_followup,no,4,Relevant response with useful troubleshooting or targeted clarification; further interaction may be needed.
2600353,Mon Nov 06 23:57:48 +0000 2017,@115858 MY PHONE STILL AINT WORKING RIGHT. GET IT TOGETHER BEFORE I SWITCH,@736085 We want you to have a working phone. We're here to help. Let us know in DM what exactly is going on with your device. https://t.co/GDrqU22YpT,other,other,no,3,"Appropriate support escalation, but the response is mostly generic and requires DM/follow-up."
869906,Fri Oct 20 15:24:26 +0000 2017,@115858 when is y’all gone fix these issues,@326557 We're happy to help however we can. Please let us know what issues you're experiencing and we'll go from there.,other,other,no,4,Relevant response with useful troubleshooting or targeted clarification; further interaction may be needed.
1724972,Tue Oct 17 18:49:20 +0000 2017,@AppleSupport phone also constantly freezes and needs to be rebooted. None of this happened until I did the update.,"@469430 Do you have any app updates available? Also, can you tell us the exact iOS version you're using?",status_followup,status_followup,no,4,Relevant response with useful troubleshooting or targeted clarification; further interaction may be needed.
2804433,Wed Nov 22 01:59:14 +0000 2017,@AppleSupport @115858 Terrible battery life on iPhone 6S after updating to ios 11.0.3. 80% to 65% in just 5 minutes. This is just annoying. Considering switching to other brand.,@782223 We know how important it is to depend on your battery life. Let’s work together to find out what’s happening. Reach out to us in DM and we will help. https://t.co/GDrqU2kzhr,device_issue,device_issue,no,4,Relevant response with useful troubleshooting or targeted clarification; further interaction may be needed.
2286723,Sun Nov 12 00:33:13 +0000 2017,"@AppleSupport New Version, Iphone 6 plus, CPO from a warranty exchange",@664427 We'd like to look into this further. Please click here to join us in DM: https://t.co/GDrqU22YpT,device_issue,device_issue,no,3,"Appropriate support escalation, but the response is mostly generic and requires DM/follow-up."
1649522,Sun Nov 05 20:07:31 +0000 2017,@AppleSupport Thanks,@503857 You are very welcome. Have a great rest of the day!,other,other,no,2,Response is too generic or does not provide enough information to resolve the stated issue.
795420,Sun Oct 08 02:33:18 +0000 2017,"Hey @115858 / @AppleSupport, iOS11 has been draining my battery more quickly now than ever. Huhu I miss iOS10. Please. Fix. This. 😔",@309649 We'd like to help. Please send us a DM so we can gather some info and get started on this with you. https://t.co/GDrqU22YpT,device_issue,device_issue,no,3,"Appropriate support escalation, but the response is mostly generic and requires DM/follow-up."
2206136,Thu Nov 09 07:06:08 +0000 2017,@AppleSupport how do I️ stop the keyboard making these weird symbols when I️ type the letter I️. The letter after H. I️ can’t take it anymore. I️ think I’m going crazy.,@645029 Here’s what you can do to work around the issue until it’s fixed in a future software update: https://t.co/xXaXeeSRt9,technical_howto,technical_howto,yes,5,Response directly addresses the stated issue with an actionable answer or appropriate resource.
449514,Thu Nov 30 20:37:28 +0000 2017,@AppleSupport Happens in m multiple shots. iOS 11.1.2. No cover over the lenses either.,@221532 Thank you. We'd like to look in to this further. Please DM us about this and we'll go from there. https://t.co/GDrqU22YpT,other,other,no,3,"Appropriate support escalation, but the response is mostly generic and requires DM/follow-up."
2571987,Thu Nov 16 19:07:58 +0000 2017,@AppleSupport just a quick question but is there any way to disable Bluetooth when I turn my iPhone on ?,"@158590 Bluetooth and Wi-Fi work a little differently in iOS 11. To completely disable Bluetooth, you would need to visit the iPhone's Settings. Check out this article: https://t.co/G7BHuQnDS6",device_issue,device_issue,no,2,Response is too generic or does not provide enough information to resolve the stated issue.
2690888,Sun Nov 19 14:36:42 +0000 2017,"Does anybody else have issues with the Timer on their iPhone? Since iOS 10 he doesn‘t ring anymore...
I overcooked my pasta a dozen times because of this bug.

@AppleSupport","@756476 We don't want you having to deal with overcooked pasta! Meet us in DM, tell us which exact version of iOS you're using and which country you're in, and we'll get to the bottom of this. https://t.co/GDrqU22YpT",device_issue,device_issue,no,4,Relevant response with useful troubleshooting or targeted clarification; further interaction may be needed.
643225,Mon Oct 23 15:59:56 +0000 2017,@AppleSupport Hi. Your iStore at the V&amp;A Waterfront helped me with a quick back-up and a total while of my laptop. All is now sorted.,@272708 Awesome. We're happy to hear it's all sorted.,order_purchase,order_purchase,no,2,Response is too generic or does not provide enough information to resolve the stated issue.
1058936,Mon Oct 23 04:03:10 +0000 2017,So iOS 11 sucks and apparently I can’t charge my phone anymore @115858,"@370009 We'd like to help get your iPhone charged. To start, check out these steps: https://t.co/uqxquyfdn0 Let us know what happens.",billing_payment,billing_payment,yes,5,Response directly addresses the stated issue with an actionable answer or appropriate resource.
148183,Fri Nov 24 11:04:31 +0000 2017,Last @115858 iOS update sucks!!!! Slow down my #iPhone6 and the battery dies so fast. Is this the way you're trying to sell iPhones? @AppleSupport Mobiles shouldn't have #PlannedObsolescence #mobile #iPhone #iPhone6 #iPhoneUpdate #AppleLovers,"@149707 We want to help you with these issues so you can enjoy using your iPhone. 

Please send us a DM and let us know the exact iOS version you're using since updating your device, and we'll work together from there: https://t.co/GDrqU22YpT",device_issue,device_issue,no,4,Relevant response with useful troubleshooting or targeted clarification; further interaction may be needed.
1857913,Thu Oct 19 09:59:29 +0000 2017,@AppleSupport please can you help me fix autocorrect  - when typing ‘is’ it autocorrects to I.S. Not good and very annoying. Tks,@555562 We'll help out. Are you updated to iOS 11.0.3? What iPhone model is this? DM with that info and we'll work on sorting this out. https://t.co/GDrqU22YpT,other,other,no,3,"Appropriate support escalation, but the response is mostly generic and requires DM/follow-up."
2053379,Fri Oct 06 01:31:23 +0000 2017,@AppleSupport in Birmingham in the #Summit made me wait at the Genius Bar for 3 hours then canceled my appointment. Way to go @115858  #UnHappyCustomer,@607268 It's important to us you get the help you're looking for. Send us a DM and tell us a bit more about your experience so far. https://t.co/GDrqU22YpT,subscription_cancel,app_service_issue,no,3,"Appropriate support escalation, but the response is mostly generic and requires DM/follow-up. Intent corrected from weak suggestion to app_service_issue based on the customer request."
1593335,Sat Nov 04 21:38:43 +0000 2017,You really can’t do anything with this... #iOS11 #bug @AppleSupport https://t.co/zjAIlnaQzW,@489695 Thanks for reaching out to us. Can you DM us more information on the issue you're having? https://t.co/GDrqU22YpT,other,other,no,3,"Appropriate support escalation, but the response is mostly generic and requires DM/follow-up."
2952382,Wed Nov 29 18:07:03 +0000 2017,@AppleSupport An iPhone X model A1901,@815213 Thank you for confirming that for us. Could you please also confirm what iOS version you're running?,device_issue,device_issue,no,4,Relevant response with useful troubleshooting or targeted clarification; further interaction may be needed.
2524598,Thu Nov 16 01:54:26 +0000 2017,this stupid glitch with the ! and the ?box gotta go. @115858 @AppleSupport !!!!!!!,@718909 We're here for you. Please tell us the exact version of iOS 11 you have installed on your device. You'll see this in Settings &gt; General &gt; About.,other,other,no,2,Response is too generic or does not provide enough information to resolve the stated issue.
306092,Fri Nov 03 06:25:44 +0000 2017,Ok @115858 After the most recent update I now own a $2000 paperweight,@189080 We can certainly help if you're running into issues. Reach out to us in DM and tell us more about what's going on. https://t.co/GDrqU22YpT,status_followup,status_followup,no,3,"Appropriate support escalation, but the response is mostly generic and requires DM/follow-up."
2455373,Wed Nov 15 03:24:35 +0000 2017,@AppleSupport @115858 You are terrible. Been trying to recover my Apple ID for a week and you won't help. Going to switch phones #BadApple,@703379 Thanks for reaching out. We're here to help. DM us so we can look into this further with you. https://t.co/GDrqU22YpT,account_access,account_access,no,3,"Appropriate support escalation, but the response is mostly generic and requires DM/follow-up."
1061476,Mon Oct 23 07:10:56 +0000 2017,Hey @115858 how do I undo the update that automatically happened when I was asleep this week? My new phone is now losing battery 3x faster,"@295064 We don't have a way to remove iOS 11, but we would like to look into this with you. What is your exact iOS version?",device_issue,device_issue,yes,5,Response directly addresses the stated issue with an actionable answer or appropriate resource.
2005435,Sat Nov 04 01:08:02 +0000 2017,@AppleSupport can you please help me with my autocorrect issue like you helped @592259 I’m out here strugglinggg,@593043 We can help you out. Take a gander at the following article and DM us with any questions. Thanks. https://t.co/xXaXeeSRt9 https://t.co/GDrqU22YpT,other,other,no,3,"Appropriate support escalation, but the response is mostly generic and requires DM/follow-up."
1155291,Thu Oct 26 08:15:10 +0000 2017,@AppleSupport ???,@165813 Did you have a chance to try out the suggestion of booting into Safe Mode and testing Finder there? Please DM us. https://t.co/GDrqU22YpT,other,other,no,3,"Appropriate support escalation, but the response is mostly generic and requires DM/follow-up."
1217573,Wed Oct 25 15:32:16 +0000 2017,@AppleSupport When I have the phone open I push the green to answer and call failed comes up,"@405705 Okay, thanks. Can you tell us which steps you've tried so far? This way we won't have you do any steps over again.",other,other,no,4,Relevant response with useful troubleshooting or targeted clarification; further interaction may be needed.
963251,Sun Oct 22 03:25:31 +0000 2017,@348591 @AppleSupport I agree! Mine too! It ducks!:),@354174 We'd like to know more about what you're experiencing. DM us and we'll pick up from there. https://t.co/GDrqU22YpT,other,other,no,3,"Appropriate support escalation, but the response is mostly generic and requires DM/follow-up."
1598095,Sun Nov 05 00:18:40 +0000 2017,WOULD BE FUCKING COOL IF I️ COULD TYPE THE LETTER “I” @115858 !!!!!!,@490870 We'd like to help. Please work through the steps here: https://t.co/tTi2c9SDuV to see if we can get it working properly.,other,other,no,2,Response is too generic or does not provide enough information to resolve the stated issue.
358944,Tue Oct 10 16:17:19 +0000 2017,@AppleSupport Expected behaviour ??  We wish that the wifi and Bluetooth actually switched off when used in Control Center !,"@201006 If you like, you can leave your thoughts on this at our Feedback website: https://t.co/J46COPJzUo",other,technical_howto,no,2,Response is too generic or does not provide enough information to resolve the stated issue. Intent corrected from weak suggestion to technical_howto based on the customer request.
354563,Thu Oct 12 01:07:35 +0000 2017,Hello @118936 @115858 @AppleSupport my iPhone 7 that I bought in March is freezing a lot and been glitchy a lot what do I do. Thank you,@200274 Thanks for reaching out for support. We're here to help. Can you please tell us when you first encountered this issue?,order_purchase,order_purchase,no,3,"Appropriate support escalation, but the response is mostly generic and requires DM/follow-up."
1912920,Wed Oct 18 12:38:59 +0000 2017,@AppleSupport so much disappointed for updating to iOS 11. Rather than staying in 10.3.3. So much bugs. Iphone 5s,@569804 We'd like to help. Are you currently using the same Apple branded cable and charger that came with your iPhone to charge it?,device_issue,device_issue,no,4,Relevant response with useful troubleshooting or targeted clarification; further interaction may be needed. Intent corrected from weak suggestion to device_issue based on the customer request.
2557356,Thu Nov 16 14:38:42 +0000 2017,@AppleSupport so... why are ALL my messages gone?,"@726043 Thanks for reaching out to us for support. We would love to help you. When you have a free moment, can you please tell us if your referring to text messages or e-mail messages? Also, can you please tell us if you're using an iOS device or computer?",other,other,no,2,Response is too generic or does not provide enough information to resolve the stated issue.
1276380,Thu Oct 26 20:15:18 +0000 2017,@AppleSupport Probably since Feb.  You guys took me through steps including reloading my phone.  Problem still there.  Reading online it’s widespread.,@418767 Let's take a look at this further for you. Reach out to us in DM. https://t.co/GDrqU22YpT,technical_howto,technical_howto,no,3,"Appropriate support escalation, but the response is mostly generic and requires DM/follow-up."
2073173,Tue Oct 10 01:46:56 +0000 2017,@115858 the software updates have made my phone a lovely paperweight. Phone won’t even charge though it’s plugged in and shows it is charging,@566635 We want your device working and expect it to charge. How long has it been charging? Do you get an error message? Send us a DM. https://t.co/GDrqU22YpT,billing_payment,billing_payment,no,4,Relevant response with useful troubleshooting or targeted clarification; further interaction may be needed.
1625355,Sun Nov 05 13:27:03 +0000 2017,@AppleSupport why does my brightness on my phone keep changing on its own since the update and no sign of an auto brightness option??,"@497751 Thanks for reaching out, we can help direct you. Take a look here: https://t.co/bkqEVCrK2l",status_followup,status_followup,no,2,Response is too generic or does not provide enough information to resolve the stated issue.
2784567,Tue Nov 21 18:01:04 +0000 2017,@115858 my iPhone 8 didn’t come with the headphones connected to the adapter. I have to use the adapter to connect it. But how comes others on their headphones it’s already on theirs in one piece? 🤔,@777494 Thanks for bringing this to our attention. We want to make sure that you received all the accessories correctly with your iPhone 8 purchase. Where did you purchase your iPhone 8?,device_issue,order_purchase,no,2,Response is too generic or does not provide enough information to resolve the stated issue. Intent corrected from weak suggestion to order_purchase based on the customer request.
1641315,Sun Nov 05 23:44:29 +0000 2017,@115858 when are you gonna figure out this “type a capital letter eye” and get a question mark in a box issue?,@115984 Here’s what you can do to work around the issue until it’s fixed in a future software update: https://t.co/xXaXeeSRt9,other,other,yes,5,Response directly addresses the stated issue with an actionable answer or appropriate resource.
328079,Sat Oct 07 14:43:04 +0000 2017,"@AppleSupport that itunes performance on windows is horrible... i don't bought apple music to wait 1 min while opening itunes... 
 1/2",@194215 Let's look into this together. Let us know which version of Windows you have installed and what is the current iTunes version?,app_service_issue,app_service_issue,no,4,Relevant response with useful troubleshooting or targeted clarification; further interaction may be needed. Intent corrected from weak suggestion to app_service_issue based on the customer request.
2014517,Sun Nov 05 18:39:07 +0000 2017,@AppleSupport Just highly surprising and frustrating I’ve had to go to your store three nights in a row because of it for two separate issues.,@484413 We completely understand. Don't hesitate to reach out if you need us after going to the store. We'll be happy to help. https://t.co/GDrqU22YpT,order_purchase,order_purchase,no,2,Response is too generic or does not provide enough information to resolve the stated issue.
1989034,Thu Nov 02 06:44:28 +0000 2017,"@115858, why do y’all create updates that kill my older devices? Makes me livid. I️ refuse to drop $600 on a new phone when I️ had one that was perfect before IOS 11.","@588696 We'd like to hear more about the issues you are experiencing since the update. Please, DM us below to get started. https://t.co/GDrqU22YpT",status_followup,status_followup,no,3,"Appropriate support escalation, but the response is mostly generic and requires DM/follow-up."
